{
  "total": 1500,
  "real_count": 750,
  "fake_count": 750,
  "accuracy": 0.7506666666666667,
  "fake_predicted_real": 144,
  "fake_to_real_error": 0.192,
  "real_predicted_fake": 230,
  "real_to_fake_error": 0.30666666666666664,
  "fake_recall": 0.808,
  "real_recall": 0.6933333333333334,
  "pred_real": 664,
  "pred_fake": 836,
  "majority_ratio": 0.5573333333333333
}