{
  "total": 1500,
  "real_count": 750,
  "fake_count": 750,
  "accuracy": 0.7386666666666667,
  "fake_predicted_real": 123,
  "fake_to_real_error": 0.164,
  "real_predicted_fake": 269,
  "real_to_fake_error": 0.3586666666666667,
  "fake_recall": 0.836,
  "real_recall": 0.6413333333333333,
  "pred_real": 604,
  "pred_fake": 896,
  "majority_ratio": 0.5973333333333334
}