{
  "total": 1500,
  "real_count": 750,
  "fake_count": 750,
  "accuracy": 0.7453333333333333,
  "fake_predicted_real": 130,
  "fake_to_real_error": 0.17333333333333334,
  "real_predicted_fake": 252,
  "real_to_fake_error": 0.336,
  "fake_recall": 0.8266666666666667,
  "real_recall": 0.6639999999999999,
  "pred_real": 628,
  "pred_fake": 872,
  "majority_ratio": 0.5813333333333334
}