{
  "total": 1500,
  "real_count": 750,
  "fake_count": 750,
  "accuracy": 0.6573333333333333,
  "fake_predicted_real": 30,
  "fake_to_real_error": 0.04,
  "real_predicted_fake": 484,
  "real_to_fake_error": 0.6453333333333333,
  "fake_recall": 0.96,
  "real_recall": 0.3546666666666667,
  "pred_real": 296,
  "pred_fake": 1204,
  "majority_ratio": 0.8026666666666666
}