{
  "total": 1500,
  "real_count": 750,
  "fake_count": 750,
  "accuracy": 0.708,
  "fake_predicted_real": 169,
  "fake_to_real_error": 0.22533333333333333,
  "real_predicted_fake": 269,
  "real_to_fake_error": 0.3586666666666667,
  "fake_recall": 0.7746666666666666,
  "real_recall": 0.6413333333333333,
  "pred_real": 650,
  "pred_fake": 850,
  "majority_ratio": 0.5666666666666667
}