{
  "total": 1500,
  "real_count": 750,
  "fake_count": 750,
  "accuracy": 0.7446666666666667,
  "fake_predicted_real": 150,
  "fake_to_real_error": 0.2,
  "real_predicted_fake": 233,
  "real_to_fake_error": 0.31066666666666665,
  "fake_recall": 0.8,
  "real_recall": 0.6893333333333334,
  "pred_real": 667,
  "pred_fake": 833,
  "majority_ratio": 0.5553333333333333
}